timestamp_ms,symbol,best_bid_exchange,best_bid,best_ask_exchange,best_ask,raw_spread_pct
1774978286552,BTC,binance,68002.3900,kraken,67921.2000,0.119536
1774978316649,BTC,bitget,68033.6000,kraken,67957.7000,0.111687
1774978346662,BTC,bybit,68113.6000,kraken,68029.7000,0.123328
1774978376950,BTC,binance,68044.7200,coinbase,67980.7900,0.094041
1774978407075,BTC,bybit,67969.0000,kraken,67895.7000,0.107960
1774978437399,BTC,bybit,68035.9000,kraken,67958.0000,0.114630
1774978467399,BTC,bitget,68035.0500,kraken,67945.8000,0.131355
1774978497836,BTC,gateio,68038.1000,kraken,67970.6000,0.099308
1774978527900,BTC,bybit,68062.3000,kraken,67963.8000,0.144930
1774978557901,BTC,gateio,67986.5000,coinbase,67915.6100,0.104380
1774978588198,BTC,gateio,67919.9000,coinbase,67847.1600,0.107212
1774978618294,BTC,bitget,67855.7500,kraken,67773.1000,0.121951
1774978648357,BTC,bybit,67762.9000,kraken,67689.0000,0.109176
1774978678596,BTC,bybit,67784.2000,coinbase,67719.0400,0.096221
1774978708648,BTC,bybit,67738.2000,kraken,67660.9000,0.114246
1774978738654,BTC,bitget,67737.1100,kraken,67643.3000,0.138683
1774978768852,BTC,bybit,67705.8000,kraken,67614.6000,0.134882
1774978798915,BTC,gateio,67765.4000,kraken,67687.2000,0.115531
1774978828923,BTC,bybit,67720.9000,coinbase,67645.3400,0.111700
1774978859147,BTC,bybit,67726.7000,kraken,67652.1000,0.110270
1774978889192,BTC,bybit,67700.9000,kraken,67618.9000,0.121268
1774978919239,BTC,gateio,67683.0000,coinbase,67615.6700,0.099578
1774978949267,BTC,bybit,67706.4000,kraken,67639.3000,0.099203
1774978979336,BTC,bybit,67733.6000,kraken,67660.7000,0.107743
1774979010285,BTC,gateio,67706.7000,coinbase,67635.3300,0.105522
1774979040588,BTC,bybit,67717.0000,coinbase,67647.9500,0.102073
1774979070605,BTC,bybit,67627.8000,coinbase,67560.5400,0.099555
1774979100666,BTC,bybit,67722.3000,kraken,67647.7000,0.110277
1774979131343,BTC,bybit,67680.5000,kraken,67607.6000,0.107828
1774979161634,BTC,bybit,67754.4000,kraken,67687.9000,0.098245
1774979192084,BTC,bybit,67759.9000,kraken,67667.2000,0.136994
1774979222085,BTC,bybit,67691.5000,coinbase,67618.9300,0.107322
1774979252128,BTC,bitget,67699.9100,coinbase,67628.7000,0.105296
1774979282336,BTC,gateio,67611.2000,coinbase,67543.0000,0.100973
1774979312336,BTC,gateio,67601.9000,coinbase,67537.8600,0.094821
1774979342336,BTC,bybit,67618.0000,kraken,67542.2000,0.112226
1774979372336,BTC,bybit,67642.8000,kraken,67557.6000,0.126115
1774979402632,BTC,bitget,67686.6100,kraken,67600.9000,0.126788
1774979432786,BTC,binance,67688.2400,kraken,67616.7000,0.105802
1774979463337,BTC,gateio,67697.0000,kraken,67631.0000,0.097588
1774979493349,BTC,bybit,67729.3000,kraken,67660.8000,0.101240
1774979523583,BTC,bybit,67678.4000,coinbase,67604.3700,0.109505
1774979553591,BTC,gateio,67627.9000,coinbase,67556.9900,0.104963
1774979583836,BTC,bybit,67640.9000,coinbase,67563.5800,0.114440
1774979614158,BTC,bybit,67631.7000,kraken,67557.7000,0.109536
1774979644230,BTC,bitget,67592.2000,kraken,67516.5000,0.112121
1774979674549,BTC,bybit,67620.9000,kraken,67520.5000,0.148696
1774979705366,BTC,bybit,67642.9000,kraken,67557.7000,0.126114
1774979735442,BTC,bybit,67607.0000,kraken,67536.0000,0.105129
1774979766219,BTC,bybit,67546.5000,kraken,67470.3000,0.112939
1774979796371,BTC,gateio,67454.0000,coinbase,67384.2100,0.103570
1774979826583,BTC,okx,67424.3000,coinbase,67359.2900,0.096512
1774979856587,BTC,bybit,67440.3000,coinbase,67376.8500,0.094172
1774979886625,BTC,bybit,67447.8000,kraken,67380.0000,0.100623
1774979916843,BTC,bybit,67442.8000,kraken,67366.6000,0.113112
1774979946845,BTC,bitget,67472.7900,kraken,67397.4000,0.111859
1774979976867,BTC,bybit,67529.1000,kraken,67439.4000,0.133008
1774980006924,BTC,gateio,67548.0000,coinbase,67474.0000,0.109672
1774980037731,BTC,bybit,67586.8000,kraken,67500.0000,0.128593
1774980067834,BTC,gateio,67539.0000,coinbase,67466.0000,0.108203
1774980097844,BTC,bybit,67603.6000,kraken,67503.6000,0.148140
1774980128210,BTC,bybit,67602.9000,coinbase,67527.6400,0.111451
1774980158220,BTC,bybit,67618.4000,kraken,67543.0000,0.111633
1774980188580,BTC,bybit,67595.2000,coinbase,67524.0000,0.105444
1774980218753,BTC,bybit,67627.1000,kraken,67555.6000,0.105839
1774980248846,BTC,gateio,67643.3000,coinbase,67566.7700,0.113266
1774980279082,BTC,bybit,67631.8000,coinbase,67560.2600,0.105891
1774980309084,BTC,bybit,67649.2000,kraken,67551.1000,0.145223
1774980339115,BTC,bybit,67638.2000,coinbase,67561.6900,0.113245
1774980369339,BTC,bybit,67676.0000,kraken,67580.1000,0.141906
1774980399671,BTC,bybit,67633.7000,coinbase,67563.5100,0.103887
1774980429835,BTC,bybit,67620.4000,kraken,67535.1000,0.126305
1774980459870,BTC,bybit,67653.6000,kraken,67576.3000,0.114389
1774980490084,BTC,gateio,67669.1000,coinbase,67594.5800,0.110246
1774980520110,BTC,gateio,67689.2000,coinbase,67615.0300,0.109695
1774980550304,BTC,bitget,67734.0300,kraken,67650.0000,0.124213
1774980580912,BTC,bybit,67785.5000,kraken,67700.0000,0.126292
1774980611439,BTC,bybit,67731.3000,kraken,67658.9000,0.107007
1774980643493,BTC,bitget,67766.9900,kraken,67686.6000,0.118768
1774980673771,BTC,bybit,67709.7000,kraken,67626.6000,0.122881
1774980707454,BTC,bybit,67722.8000,kraken,67642.7000,0.118416
1774980737543,BTC,bitget,67726.6800,coinbase,67655.8900,0.104632
1774980767800,BTC,gateio,67708.3000,coinbase,67638.6300,0.103003
1774980797836,BTC,bybit,67726.0000,coinbase,67657.5800,0.101127
1774980828084,BTC,bybit,67740.3000,kraken,67668.2000,0.106549
1774980859285,BTC,binance,67783.4500,kraken,67689.2000,0.139239
1774980889336,BTC,bitget,67776.8300,kraken,67702.0000,0.110528
1774980919338,BTC,bitget,67815.9200,kraken,67734.5000,0.120205
1774980949583,BTC,bybit,67877.3000,kraken,67804.5000,0.107368
1774980979693,BTC,okx,67839.9000,coinbase,67768.9600,0.104679
1774981009743,BTC,gateio,67899.9000,kraken,67814.1000,0.126522
1774981039835,BTC,gateio,67894.6000,coinbase,67821.1400,0.108314
1774981069835,BTC,bybit,67914.9000,coinbase,67843.8700,0.104696
1774981099856,BTC,bybit,67919.1000,coinbase,67848.3900,0.104218
1774981130337,BTC,gateio,67892.0000,kraken,67813.6000,0.115611
1774981160338,BTC,bybit,67781.0000,kraken,67692.0000,0.131478
1774981190405,BTC,gateio,67748.0000,coinbase,67680.7300,0.099393
1774981220839,BTC,gateio,67734.0000,coinbase,67661.3200,0.107417
1774981252896,BTC,bybit,67753.3000,kraken,67675.1000,0.115552
1774981283964,BTC,bybit,67784.6000,coinbase,67713.5800,0.104883
1774981314052,BTC,okx,67796.7000,kraken,67718.0000,0.116217
1774981344337,BTC,binance,67769.1700,kraken,67675.2000,0.138854
1774981374340,BTC,bybit,67762.4000,kraken,67685.0000,0.114353
1774981404536,BTC,bybit,67749.1000,kraken,67679.2000,0.103281
1774981434838,BTC,gateio,67758.9000,kraken,67679.2000,0.117761
1774981464843,BTC,okx,67750.6000,coinbase,67671.0900,0.117495
